{"cameraMode":{"drawMode":0,"name":"Shaded","section":"Shading Mode"},"sceneLighting":false,"audioPlay":false,"sceneViewState":{"showFog":true,"showMaterialUpdate":false,"showSkybox":true,"showFlares":true,"showImageEffects":true,"showParticleSystems":true},"in2DMode":false,"pivot":{"x":0.0000152587890625,"y":-0.00000762939453125,"z":-0.31849998235702517},"rotation":{"x":0.14021657407283784,"y":-0.020194515585899354,"z":0.0028603856917470695,"w":0.9899107813835144},"size":736.2487182617188,"orthographic":false}