{"cameraMode":{"drawMode":0,"name":"Shaded","section":"Shading Mode"},"sceneLighting":false,"audioPlay":false,"sceneViewState":{"showFog":true,"showMaterialUpdate":false,"showSkybox":true,"showFlares":true,"showImageEffects":true,"showParticleSystems":true},"in2DMode":false,"pivot":{"x":2.390099048614502,"y":6.558332920074463,"z":0.42278990149497988},"rotation":{"x":0.17816515266895295,"y":0.6420656442642212,"z":-0.1569276601076126,"w":0.7289599776268005},"size":11.783357620239258,"orthographic":false}