{"cameraMode":{"drawMode":0,"name":"Shaded","section":"Shading Mode"},"sceneLighting":true,"audioPlay":false,"sceneViewState":{"showFog":true,"showMaterialUpdate":false,"showSkybox":true,"showFlares":true,"showImageEffects":true,"showParticleSystems":true},"in2DMode":false,"pivot":{"x":-16.69713592529297,"y":8.075490951538086,"z":11.461080551147461},"rotation":{"x":-0.3384146988391876,"y":-0.6264746189117432,"z":0.3474784791469574,"w":-0.6101342439651489},"size":19.9575252532959,"orthographic":false}