{"cameraMode":{"drawMode":0,"name":"Shaded","section":"Shading Mode"},"sceneLighting":false,"audioPlay":false,"sceneViewState":{"showFog":true,"showMaterialUpdate":false,"showSkybox":true,"showFlares":true,"showImageEffects":true,"showParticleSystems":true},"in2DMode":false,"pivot":{"x":0.18898527324199677,"y":0.535378634929657,"z":-0.4452129602432251},"rotation":{"x":0.14021657407283784,"y":-0.020194515585899354,"z":0.0028603856917470695,"w":0.9899107813835144},"size":2.8142874240875246,"orthographic":false}