{"cameraMode":{"drawMode":0,"name":"Shaded","section":"Shading Mode"},"sceneLighting":true,"audioPlay":false,"sceneViewState":{"showFog":true,"showMaterialUpdate":false,"showSkybox":true,"showFlares":true,"showImageEffects":true,"showParticleSystems":true},"in2DMode":false,"pivot":{"x":0.00793449580669403,"y":0.048015937209129336,"z":6.322774887084961},"rotation":{"x":0.14021657407283784,"y":-0.020194515585899354,"z":0.0028603856917470695,"w":0.9899107813835144},"size":11.12053108215332,"orthographic":false}