{"cameraMode":{"drawMode":0,"name":"Shaded","section":"Shading Mode"},"sceneLighting":false,"audioPlay":false,"sceneViewState":{"showFog":true,"showMaterialUpdate":false,"showSkybox":true,"showFlares":true,"showImageEffects":true,"showParticleSystems":true},"in2DMode":false,"pivot":{"x":0.14351056516170503,"y":0.714139461517334,"z":-0.39534705877304079},"rotation":{"x":0.14021657407283784,"y":-0.020194515585899354,"z":0.0028603856917470695,"w":0.9899107813835144},"size":6.049208164215088,"orthographic":false}