{"cameraMode":{"drawMode":0,"name":"Shaded","section":"Shading Mode"},"sceneLighting":false,"audioPlay":false,"sceneViewState":{"showFog":true,"showMaterialUpdate":false,"showSkybox":true,"showFlares":true,"showImageEffects":true,"showParticleSystems":true},"in2DMode":false,"pivot":{"x":465.00006103515627,"y":209.99996948242188,"z":-0.31849998235702517},"rotation":{"x":-0.014967397786676884,"y":-0.9262070059776306,"z":0.374899297952652,"w":-0.036975886672735217},"size":1746.8590087890625,"orthographic":false}