{"cameraMode":{"drawMode":0,"name":"Shaded","section":"Shading Mode"},"sceneLighting":true,"audioPlay":false,"sceneViewState":{"showFog":true,"showMaterialUpdate":false,"showSkybox":true,"showFlares":true,"showImageEffects":true,"showParticleSystems":true},"in2DMode":false,"pivot":{"x":-0.8540589809417725,"y":-0.730059802532196,"z":2.2655792236328127},"rotation":{"x":0.011039077304303646,"y":0.9832942485809326,"z":-0.17011521756649018,"w":0.06380776315927506},"size":10.405978202819825,"orthographic":false}