{"cameraMode":{"drawMode":0,"name":"Shaded","section":"Shading Mode"},"sceneLighting":true,"audioPlay":false,"sceneViewState":{"showFog":true,"showMaterialUpdate":false,"showSkybox":true,"showFlares":true,"showImageEffects":true,"showParticleSystems":true},"in2DMode":false,"pivot":{"x":0.27360087633132937,"y":0.3565666079521179,"z":0.8409664630889893},"rotation":{"x":-0.000016535248505533673,"y":0.9999040961265564,"z":0.0011897629592567683,"w":0.01380093116313219},"size":5.0348591804504398,"orthographic":false}