{"cameraMode":{"drawMode":0,"name":"Shaded","section":"Shading Mode"},"sceneLighting":true,"audioPlay":false,"sceneViewState":{"showFog":true,"showMaterialUpdate":false,"showSkybox":true,"showFlares":true,"showImageEffects":true,"showParticleSystems":true},"in2DMode":false,"pivot":{"x":-13.132933616638184,"y":0.10166069865226746,"z":15.904908180236817},"rotation":{"x":-0.10169849544763565,"y":0.09148605912923813,"z":-0.009392693638801575,"w":-0.9905551671981812},"size":2.3404641151428224,"orthographic":false}