{"cameraMode":{"drawMode":0,"name":"Shaded","section":"Shading Mode"},"sceneLighting":false,"audioPlay":false,"sceneViewState":{"showFog":true,"showMaterialUpdate":false,"showSkybox":true,"showFlares":true,"showImageEffects":true,"showParticleSystems":true},"in2DMode":false,"pivot":{"x":0.0000152587890625,"y":-0.00000762939453125,"z":-0.31849998235702517},"rotation":{"x":-0.10169849544763565,"y":0.09148605912923813,"z":-0.009392693638801575,"w":-0.9905551671981812},"size":736.2487182617188,"orthographic":false}