{"cameraMode":{"drawMode":0,"name":"Shaded","section":"Shading Mode"},"sceneLighting":false,"audioPlay":false,"sceneViewState":{"showFog":true,"showMaterialUpdate":false,"showSkybox":true,"showFlares":true,"showImageEffects":true,"showParticleSystems":true},"in2DMode":false,"pivot":{"x":0.2719099223613739,"y":-0.0984235405921936,"z":-0.2763153314590454},"rotation":{"x":-0.15731345117092133,"y":-0.45912545919418337,"z":0.08298229426145554,"w":-0.8703851103782654},"size":4.945679187774658,"orthographic":false}