{"cameraMode":{"drawMode":0,"name":"Shaded","section":"Shading Mode"},"sceneLighting":true,"audioPlay":false,"sceneViewState":{"showFog":true,"showMaterialUpdate":false,"showSkybox":true,"showFlares":true,"showImageEffects":true,"showParticleSystems":true},"in2DMode":false,"pivot":{"x":-2.2327919006347658,"y":0.2011532187461853,"z":3.5108368396759035},"rotation":{"x":-0.11849655210971832,"y":0.43570783734321597,"z":-0.05798712000250816,"w":-0.8903677463531494},"size":4.1818437576293949,"orthographic":false}